{
    "mission": {
        "id": 3,
        "positionScale": 1e-9,
        "universumRadius": 90000,


        "maximumMissionDuration": 5478.75,
        "launchConstraints": {
            "launcher": {
                "name": "Ariane 5",
                "deltaV": 6000,
                "imageURL": "res/img/ariane5.jpg"
            },
            "launchEpochBounds": [56000, 58000],
            "timeOfFlightBounds": [1, 500]
        },
        "funIsInvalidState": "return [];",
        "funIsWinningState": "var score = gameState.getScore(); return (score >= 1);",
        "funGetWinningProgress": "var score = gameState.getScore(); return score;",

        "centralBody": {
            "id": 2,
            "name": "Sun",
            "isStar": true,
            "sgp": 1.32712440018e20,
            "radius": 696342e3,
            "scale": 0.000000015,
            "meshMaterialURL": "res/img/sunsurface.jpg"
        },

        "orbitingBodies": {
            "3": {
                "name": "Mercury",
                "sgp": 22032e9,
                "refEpoch": 51544.5,
                "orbitalElements": {
                    "sma": 57909226538.0405,
                    "ecc": 0.20563593,
                    "incl": 0.12225994793212572,
                    "lan": 0.8435309954891992,
                    "ap": 0.5083625809358163,
                    "ma": 3.050705107870811
                },
                "orbitalElementDerivatives": {
                    "dsma": 55351.212270000003628,
                    "decc": 1.9060000000000000472e-05,
                    "dincl": -0.00010380328272943754051,
                    "dlan": -0.0021876098216166337505,
                    "dap": 0.0049884599254773967503,
                    "dma": 2608.7875041604243052
                },
                "radius": 2440000,
                "minRadiusFactor": 1.1,
                "maxRadiusFactor": 100,
                "maxTimeOfFlyby": 3650,
                "scale": 0.000001,
                "meshMaterialURL": "res/img/mercurysurface.jpg",
                "surface": {
                    "type": 0,
                    "values": {
                        "0": 0
                    }
                }
            },
            "4": {
                "name": "Venus",
                "sgp": 324859e9,
                "refEpoch": 51544.5,
                "orbitalElements": {
                    "sma": 108209474530.86914,
                    "ecc": 0.00677672,
                    "incl": 0.05924827411109566,
                    "lan": 1.3383157224083446,
                    "ap": 0.9585806336304322,
                    "ma": 0.8792381000505897
                },
                "orbitalElementDerivatives": {
                    "dsma": 583431.69689999998081,
                    "decc": -4.106999999999999811e-05,
                    "dincl": -1.3768902468983265977e-05,
                    "dlan": -0.0048466777546257869616,
                    "dap": 0.0048935099999116256006,
                    "dma": 1021.328502750165967
                },
                "radius": 6052000,
                "minRadiusFactor": 1.1,
                "maxRadiusFactor": 100,
                "maxTimeOfFlyby": 3650,
                "scale": 0.0000005,
                "meshMaterialURL": "res/img/venussurface.jpg",
                "surface": {
                    "type": 0,
                    "values": {
                        "0": 0
                    }
                }
            },
            "5": {
                "name": "Earth",
                "sgp": 398600.4418e9,
                "refEpoch": 51544.5,
                "orbitalElements": {
                    "sma": 149598261141.44247,
                    "ecc": 0.01671123,
                    "incl": -2.6720990848033185e-07,
                    "lan": 0,
                    "ap": 1.7966014740491711,
                    "ma": -0.04316391697638581
                },
                "orbitalElementDerivatives": {
                    "dsma": 840740.03502000006847,
                    "decc": -4.3919999999999999622e-05,
                    "dincl": -0.00022596219320209946302,
                    "dlan": 0,
                    "dap": 0.0056421894029068412821,
                    "dma": 628.30193571151869492
                },
                "radius": 6378000,
                "minRadiusFactor": 1.1,
                "maxRadiusFactor": 100,
                "maxTimeOfFlyby": 3650,
                "scale": 0.0000005,
                "meshMaterialURL": "res/img/earthsurface.jpg",
                "surface": {
                    "type": 0,
                    "values": {
                        "0": 0
                    }
                }
            },
            "6": {
                "name": "Mars",
                "sgp": 42828e9,
                "refEpoch": 51544.5,
                "orbitalElements": {
                    "sma": 227943822413.85965,
                    "ecc": 0.0933941,
                    "incl": 0.03228320542488929,
                    "lan": 0.8649771297497417,
                    "ap": -1.2828723009731817,
                    "ma": 0.3384227896851049
                },
                "orbitalElementDerivatives": {
                    "dsma": 2763072.677370000165,
                    "decc": 7.8819999999999994125e-05,
                    "dincl": -0.00014191813200034009384,
                    "dlan": -0.0051063696573531540401,
                    "dap": 0.012862802745038572072,
                    "dma": 334.05354524829886032
                },
                "radius": 3397000,
                "minRadiusFactor": 1.1,
                "maxRadiusFactor": 100,
                "maxTimeOfFlyby": 3650,
                "scale": 0.000001,
                "meshMaterialURL": "res/img/marssurface.jpg",
                "surface": {
                    "type": 0,
                    "values": {
                        "0": 0
                    }
                }
            },
            "7": {
                "name": "Jupiter",
                "sgp": 126686534e9,
                "refEpoch": 51544.5,
                "orbitalElements": {
                    "sma": 778340816645.8849,
                    "ecc": 0.04838624,
                    "incl": 0.02276602153047185,
                    "lan": 1.7536005259699599,
                    "ap": -1.4965400591228852,
                    "ma": 0.34327067101878284
                },
                "orbitalElementDerivatives": {
                    "dsma": -17363824.886970002204,
                    "decc": -0.00013253000000000000674,
                    "dincl": -3.206414182008862152e-05,
                    "dlan": 0.0035725329463972646006,
                    "dap": 0.00013675736793511764078,
                    "dma": 52.962602601071623099
                },
                "radius": 71492000,
                "minRadiusFactor": 1.1,
                "maxRadiusFactor": 100,
                "maxTimeOfFlyby": 3650,
                "scale": 0.0000003,
                "meshMaterialURL": "res/img/jupitersurface.jpg",
                "surface": {
                    "type": 0,
                    "values": {
                        "0": 0
                    }
                }
            },
            "8": {
                "name": "Saturn",
                "sgp": 37931187e9,
                "refEpoch": 51544.5,
                "orbitalElements": {
                    "sma": 1426666414094.0908,
                    "ecc": 0.05386179,
                    "incl": 0.04338874330931084,
                    "lan": 1.9837835429754036,
                    "ap": -0.36762823281234114,
                    "ma": -0.744289273004183
                },
                "orbitalElementDerivatives": {
                    "dsma": -187087097.47259998322,
                    "decc": -0.00050991000000000002903,
                    "dincl": 3.3791145114937016526e-05,
                    "dlan": -0.0050383805308746396762,